,VITIS_LOOP_92_7,seq_loop_status1.csv
,VITIS_LOOP_83_6,seq_loop_status2.csv
,VITIS_LOOP_70_4,seq_loop_status3.csv
grp_do_compute_Pipeline_VITIS_LOOP_53_1_VITIS_LOOP_54_2_fu_320,VITIS_LOOP_53_1_VITIS_LOOP_54_2,upc_loop_status1.csv
grp_do_compute_Pipeline_VITIS_LOOP_76_5_fu_342,VITIS_LOOP_76_5,upc_loop_status2.csv
grp_do_compute_Pipeline_VITIS_LOOP_249_16_VITIS_LOOP_250_17_fu_348,VITIS_LOOP_249_16_VITIS_LOOP_250_17,upc_loop_status3.csv
grp_do_compute_Pipeline_VITIS_LOOP_109_9_VITIS_LOOP_110_10_fu_358,VITIS_LOOP_109_9_VITIS_LOOP_110_10,upc_loop_status4.csv
grp_do_compute_Pipeline_VITIS_LOOP_93_8_fu_376,VITIS_LOOP_93_8,upc_loop_status5.csv
grp_do_compute_Pipeline_PROPAGATION_ROWS_PROPAGATION_COLS_fu_427,PROPAGATION_ROWS_PROPAGATION_COLS,upc_loop_status6.csv
grp_do_compute_Pipeline_VITIS_LOOP_234_13_VITIS_LOOP_235_14_fu_444,VITIS_LOOP_234_13_VITIS_LOOP_235_14,upc_loop_status7.csv
