,AESL_inst_do_compute,,module_status1.csv
,grp_do_compute_Pipeline_VITIS_LOOP_53_1_VITIS_LOOP_54_2_fu_320,,module_status2.csv
,grp_do_compute_Pipeline_VITIS_LOOP_76_5_fu_342,,module_status3.csv
,grp_do_compute_Pipeline_VITIS_LOOP_249_16_VITIS_LOOP_250_17_fu_348,,module_status4.csv
,grp_do_compute_Pipeline_VITIS_LOOP_109_9_VITIS_LOOP_110_10_fu_358,,module_status5.csv
,grp_do_compute_Pipeline_VITIS_LOOP_93_8_fu_376,,module_status6.csv
grp_do_compute_Pipeline_VITIS_LOOP_93_8_fu_376,grp_pow_generic_double_s_fu_321,,module_status7.csv
,grp_do_compute_Pipeline_PROPAGATION_ROWS_PROPAGATION_COLS_fu_427,,module_status8.csv
grp_do_compute_Pipeline_PROPAGATION_ROWS_PROPAGATION_COLS_fu_427,grp_p_hls_fptosi_float_i32_fu_327,,module_status9.csv
,grp_do_compute_Pipeline_VITIS_LOOP_234_13_VITIS_LOOP_235_14_fu_444,,module_status10.csv
,grp_p_hls_fptosi_float_i32_fu_1441,,module_status11.csv
,grp_p_hls_fptosi_float_i32_fu_1448,,module_status12.csv
