,VITIS_LOOP_63_3,seq_loop_status1.csv
,VITIS_LOOP_54_2,seq_loop_status2.csv
,VITIS_LOOP_53_1,seq_loop_status3.csv
,VITIS_LOOP_76_5,seq_loop_status4.csv
,VITIS_LOOP_93_8,seq_loop_status5.csv
,VITIS_LOOP_92_7,seq_loop_status6.csv
,VITIS_LOOP_83_6,seq_loop_status7.csv
,VITIS_LOOP_121_11,seq_loop_status8.csv
,VITIS_LOOP_156_12,seq_loop_status9.csv
,VITIS_LOOP_110_10,seq_loop_status10.csv
,VITIS_LOOP_109_9,seq_loop_status11.csv
,NEIGHBOR_ACCUM,seq_loop_status12.csv
,PROPAGATION_COLS,seq_loop_status13.csv
,PROPAGATION_ROWS,seq_loop_status14.csv
,VITIS_LOOP_236_15,seq_loop_status15.csv
,VITIS_LOOP_235_14,seq_loop_status16.csv
,VITIS_LOOP_234_13,seq_loop_status17.csv
,VITIS_LOOP_70_4,seq_loop_status18.csv
,VITIS_LOOP_250_17,seq_loop_status19.csv
,VITIS_LOOP_249_16,seq_loop_status20.csv
